{"cameraMode":{"drawMode":0,"name":"Shaded","section":"Shading Mode"},"sceneLighting":false,"audioPlay":false,"sceneViewState":{"showFog":true,"showMaterialUpdate":true,"showSkybox":true,"showFlares":true,"showImageEffects":true,"showParticleSystems":true},"in2DMode":false,"pivot":{"x":0.47121238708496096,"y":0.4891927242279053,"z":0.0876913070678711},"rotation":{"x":0.11363797634840012,"y":0.8825808763504028,"z":-0.27621814608573916,"w":0.3630998134613037},"size":1.1178855895996094,"orthographic":false}